GAP,COUNT,PERCENT
0,28,0.11570247933884298
1,27,0.1115702479338843
2,21,0.08677685950413223
3,12,0.049586776859504134
4,24,0.09917355371900827
5,15,0.06198347107438017
6,12,0.049586776859504134
7,10,0.04132231404958678
8,10,0.04132231404958678
9,11,0.045454545454545456
>=10,144,0.595041322314049
